Neutrons,Dimension,Execution_Time
100,1,.018331233
500,1,.027286343
10000,1,.205374119
50000,1,.908955008
1000000,1,19.615373739
5000000,1,96.280387441
100,2,.011218033
500,2,.020298421
10000,2,.247040629
50000,2,1.248795856
1000000,2,24.322840062
5000000,2,124.884901551
100,3,.020251828
500,3,.031151874
10000,3,.385549572
50000,3,1.883050374
1000000,3,37.707183197
5000000,3,187.652989671
